NA,SUNY College of Technology at Alfred,Sul Ross State University,Iowa State University,University of Massachusetts-Amherst,University of Michigan-Ann Arbor,California State Polytechnic University-Humboldt,Henderson State University,Southern Oregon University,University of Georgia,Ohio University,Auburn University,University of Maine at Augusta,Bemidji State University,Ferris State University,Binghamton University,Virginia Polytechnic Institute and State University,Indiana University-Bloomington,Bloomsburg University of Pennsylvania,Appalachian State University,University of Colorado Boulder,Western Kentucky University,Bowling Green State University,Montana State University,Bridgewater State University,SUNY Brockport,South Dakota State University,University of Vermont,California University of Pennsylvania,West Texas A&M University,Southeast Missouri State University,Southern Illinois University-Carbondale,University of West Georgia,Southern Utah University,University of Northern Iowa,University of Illinois Urbana-Champaign,University of North Carolina at Chapel Hill,Eastern Illinois University,University of Virginia,Eastern Washington University,California State University-Chico,Clarion University of Pennsylvania,Clemson University,,NA,Texas A&M University,University of Missouri-Columbia,Texas A&M University–Commerce,University of Central Arkansas,Tennessee Technological University,SUNY Cortland,Oregon State University,University of Minnesota-Crookston,Western Carolina University,University of North Georgia,University of California-Davis,Northern Illinois University,SUNY College of Technology at Delhi,University of North Texas,Wayne State University,NA,Fort Lewis College,Southeastern Oklahoma State University,University of New Hampshire,Michigan State University,East Stroudsburg University of Pennsylvania,Edinboro University of Pennsylvania,University of Central Oklahoma,Southern Illinois University-Edwardsville,Central Washington University,Emporia State University,University of Alaska Fairbanks,Fairmont State University,Longwood University,University of Arkansas,,Northern Arizona University,Colorado State University-Fort Collins,Fort Valley State University,University of Mary Washington,SUNY at Fredonia,Frostburg State University,University of Florida,SUNY Geneseo,Rowan University,University of Southern Maine,Grambling State University,University of North Dakota,East Carolina University,NA,Southeastern Louisiana University,James Madison University,University of Southern Mississippi,NA,NA,Marshall University,Sam Houston State University,Indiana University of Pennsylvania,University of Iowa,NA,Jacksonville State University,Western Michigan University,University of Nebraska at Kearney,Kent State University,University of Rhode Island,Texas A&M University–Kingsville,NA,Kutztown University of Pennsylvania,University of Wisconsin-La Crosse,NA,University of Wyoming,New Mexico State University,NA,University of Kansas,Washington and Lee University,University of Nebraska-Lincoln,NA,Lock Haven University,Utah State University,Western Illinois University,Dakota State University,University of Wisconsin-Madison,NA,Kansas State University,Minnesota State University-Mankato,NA,Northern Michigan University,Southwest Minnesota State University,University of Tennessee at Martin,Northwest Missouri State University,University of Wisconsin-Stout,Georgia College & State University,Millersville University of Pennsylvania,University of Minnesota-Twin Cities,The University of Montana,Western Oregon University,University of Montevallo,University of Arkansas at Monticello,Morehead State University,West Virginia University,University of Minnesota-Morris,University of Idaho,Central Michigan University,Ball State University,Middle Tennessee State University,NA,Stephen F. Austin State University,Northwestern State University,SUNY New Paltz,University of Delaware,The University of Oklahoma,Carleton College,SUNY Oneonta,South Carolina State University,University of Maine,SUNY Oswego,University of Mississippi,Miami University,University of North Carolina at Pembroke,Pittsburg State University,University of Wisconsin-Platteville,SUNY Plattsburgh,Plymouth State University,Idaho State University,Eastern New Mexico University,SUNY Potsdam,Prairie View A&M University,University of Maryland Eastern Shore,Washington State University,Radford University,Vermont State University-Randolph,Eastern Kentucky University,University of Wisconsin-River Falls,Missouri University of Science and Technology,Arkansas Tech University,Louisiana Tech University,Salisbury University,California Polytechnic State University-San Luis Obispo,Texas State University,University of California-Santa Barbara,University of California-Santa Cruz,Empire State University,Shippensburg University of Pennsylvania,NA,Slippery Rock University of Pennsylvania,,Saint Cloud State University,Mississippi State University,The Pennsylvania State University,Georgia Southern University,Tarleton State University,University of Wisconsin-Stevens Point,Oklahoma State University,University of Connecticut,Northeastern State University,Florida A & M University,Florida State University,Indiana State University,Nicholls State University,Troy University,The University of Alabama,Tuskegee University,Valdosta State University,University of South Dakota,University of Central Missouri,NA,Southwestern Oklahoma State University,Purdue University,University of Wisconsin-Whitewater,William & Mary,Eastern Connecticut State University,Winona State University,NA,Eastern Michigan University
Alamosa-CO,Alfred-NY,Alpine-TX,Ames-IA,Amherst-MA,Ann-Arbor-MI,Arcata-CA,Arkadelphia-AR,Ashland-OR,Athens-GA,Athens-OH,Auburn-AL,Augusta-ME,Bemidji-MN,Big-Rapids-MI,Binghamton-NY,Blacksburg-VA,Bloomington-IN,Bloomsburg-PA,Boone-NC,Boulder-CO,Bowling-Green-KY,Bowling-Green-OH,Bozeman-MT,Bridgewater-MA,Brockport-NY,Brookings-SD,Burlington-VT,California-PA,Canyon-TX,Cape-Girardeau-MO,Carbondale-IL,Carrollton-GA,Cedar-City-UT,Cedar-Falls-IA,Champaign-Urbana-IL,Chapel-Hill-NC,Charleston-IL,Charlottesville-VA,Cheney-WA,Chico-CA,Clarion-PA,Clemson-SC,Cleveland-MS,Cobleskill-NY,College-Station-TX,Columbia-MO,Commerce-TX,Conway-AR,Cookeville-TN,Cortland-NY,Corvallis-OR,Crookston-MN,Cullowhee-NC,Dahlonega-GA,Davis-CA,DeKalb-IL,Delhi-NY,Denton-TX,Detroit-MI,Dillon-MT,Durango-CO,Durant-OK,Durham-NH,East-Lansing-MI,East-Stroudsburg-PA,Edinboro-PA,Edmond-OK,Edwardsville-IL,Ellensburg-WA,Emporia-KS,Fairbanks-AK,Fairmont-WV,Farmington-ME,Farmville-VA,Fayetteville-AR,Flagstaff-AZ,Fort-Collins-CO,Fort-Valley-GA,Fredericksburg-VA,Fredonia-NY,Frostburg-MD,Gainesville-FL,Geneseo-NY,Glassboro-NJ,Gorham-ME,Grambling-LA,Grand-Forks-ND,Greenville-NC,Gunnison-CO,Hammond-LA,Harrisonburg-VA,Hattiesburg-MS,Hays-KS,Houghton-MI,Huntington-WV,Huntsville-TX,Indiana-PA,Iowa-City-IA,Itta-Bena-MS,Jacksonville-AL,Kalamazoo-MI,Kearney-NE,Kent-OH,Kingston-RI,Kingsville-TX,Kirksville-MO,Kutztown-PA,La-Crosse-WI,Langston-OK,Laramie-WY,Las-Cruces-NM,Las-Vegas-NM,Lawrence-KS,Lexington-VA,Lincoln-NE,Livingston-AL,Lock-Haven-PA,Logan-UT,Macomb-IL,Madison-SD,Madison-WI,Magnolia-AR,Manhattan-KS,Mankato-MN,Mansfield-PA,Marquette-MI,Marshall-MN,Martin-TN,Maryville-MO,Menomonie-WI,Milledgeville-GA,Millersville-PA,Minneapolis-MN,Missoula-MT,Monmouth-OR,Montevallo-AL,Monticello-AR,Morehead-KY,Morgantown-WV,Morris-MN,Moscow-ID,Mount-Pleasant-MI,Muncie-IN,Murfreesboro-TN,Murray-KY,Nacogdoches-TX,Natchitoches-LA,Newark-DE,New-Paltz-NY,Norman-OK,Northfield-MN,Oneonta-NY,Orangeburg-SC,Orono-ME,Oswego-NY,Oxford-MS,Oxford-OH,Pembroke-NC,Pittsburg-KS,Platteville-WI,Plattsburgh-NY,Plymouth-NH,Pocatello-ID,Portales-NM,Potsdam-NY,Prairie-View-TX,Princess-Anne-MD,Pullman-WA,Radford-VA,Randolph-VT,Richmond-KY,River-Falls-WI,Rolla-MO,Russellville-AR,Ruston-LA,Salisbury-MD,San-Luis-Obispo-CA,San-Marcos-TX,Santa-Barbara-CA,Santa-Cruz-CA,Saratoga-Springs-NY,Shippensburg-PA,Silver-City-NM,Slippery-Rock-PA,Spearfish-SD,St.-Cloud-MN,Starkville-MS,State-College-PA,Statesboro-GA,Stephenville-TX,Stevens-Point-WI,Stillwater-OK,Storrs-CT,Tahlequah-OK,Tallahassee-FL,Tallahassee-FL,Terre-Haute-IN,Thibodaux-LA,Troy-AL,Tuscaloosa-AL,Tuskegee-AL,Valdosta-GA,Vermillion-SD,Warrensburg-MO,Wayne-NE,Weatherford-OK,West-Lafayette-IN,Whitewater-WI,Williamsburg-VA,Willimantic-CT,Winona-MN,Wise-VA,Ypsilanti-MI
0,1372,0,937.5,1900,2019,1322.5,805,905,1595,1450,1400,1210,937.5,1299,995,1600,1554.5,1750,1349,5699,1897.5,860,2450,1225,1146,1167.5,2375,1455,550,686.5,870,1169,1095,912.5,790,1432.5,800,1809,1175,1537.5,557.5,1639.5,0,0,1367.5,1300,875,2075.5,1224,1370,1594,850,1159,1798,2224.5,1450,952.5,1542.5,1803.5,0,1565,645,2530,1779,2499,800,1091,2194,1450,370,1364,1450,0,680.5,1130,1836,1776.5,1325,1730.5,788.5,767.5,1549,1695,1425,2195,1235,765,887.5,0,1230.5,1732.5,1197,0,0,845,1180,732.5,1332.5,0,459,812.5,1772.5,1799.5,2532.5,780,0,1325,1027.5,0,800,1559,0,1490,1075,1310,0,920,1342,610,877.5,1800,0,717.5,889,0,1906.5,775,1050,0,1325,1409,1464.5,1910.5,3000,1387.5,1349,700,750,672.5,725,1095,968.5,1285,1399,0,795,875,1600,1505,730,1282.5,781,825,2250,1835,1549,1241.5,690,845,907.5,850,1857.5,1175,475,1264,1499,1512.5,1139,755,0,810.5,1425,1050,722.5,1235,1512.5,1195,1457.5,3420.5,3795,1741,847,0,635,1387.5,911,1282,1669,1419,1050,1225,769.5,2130,700,0,0,742.5,1352.5,662.5,2038.5,905,1350,668,695,0,610,1775,1100,1697.5,2130,952.5,0,1436.5
0,700,0,1014,1992.5,2098,1095,0,1295,1535,882.5,975,1250,870,0,2150,1409.5,1299,875,1749,6022.5,1309,899,2207.5,1868,650,1144,1950,839,600,0,700,879,990,1022.5,2000,1582.5,615,1924.5,995,812.5,0,868,0,0,1369,935,825,1099.5,1260,1300,1695,822.5,1125,1440,2252,1400,750,1540,2037.5,0,1806,1095,1775,1047.5,1975,1405,820,1802,975,650.5,1400,672.5,0,0,1110,4198.5,1637.5,762.5,2008,800,1057,1174.5,1794.5,1450,3872.5,725,670,912.5,0,1434.5,1249,1325,0,0,1059,1409,785,1469,0,775,849,800,1216.5,2800,885,0,1295,855,0,0,995,0,1450,0,1407.5,0,0,1405,505,0,1445,0,1019,1047.5,0,1737.5,725,0,0,1395,679,1615,1585,1575,1325,1007,700,0,1460,673,1241.5,1072.5,900,1529,0,918,0,1425,1124,1554.5,750,0,0,1275,1075,1187,1216,825,739.5,649,2375,1200,1010,0,1050,1768.5,1305,1519.5,1600,0,691,1440,659,1337.5,725,1305,2572.5,1099,2800,3535,1837,1102.5,0,867.5,1150,750,1144,1561.5,1510,700,1349,1805,2367.5,0,0,0,875,1084,811,1217.5,635,870,0,0,0,0,1836.5,1145,1835,1120,1350,0,1893.5
0,787.5,0,849,1940,1419,885,0,2100,2115,865,1137.5,1025,945,0,785,1562,1437.5,0,1682.5,3321,1124,775.5,2162.5,2445,1245,990,1750,1455,500,0,590,800,0,770,1005,1984.5,550,2757.5,950,1778.5,0,1034.5,0,0,1761.5,1160,812.5,752.5,640,1050,1365,626,1647.5,1650,2462.5,1450,878,2229,1588,0,2071,0,1650,1070.5,1410,1075,2625,1870,975,456,1777,1460,0,0,1828,2443,1679.5,920,1813.5,0,0,1726.5,1755,1725,2120,640,1455,1360,0,996,1320,1183.5,0,0,1696.5,1278,642.5,1558,0,892.5,1805,995,1195,2293.5,729,0,1662.5,1475,0,0,1415,0,1140,0,1290,0,0,1520,650,0,1195,0,905,1212.5,0,1200.5,1150,0,0,754,669,1442.5,1711.5,1499,1445,1055,0,0,1912.5,610,1262.5,850,850,1290,0,820,0,1447.5,1845,849,900,0,0,0,0,1252.5,950,0,475,752.5,1950,1622.5,969,0,1275,1700,1375,1082.5,1409.5,0,1299,995,615,640,595,1375,2837.5,1450,3522.5,4268.5,2192,1370,0,830,0,850,1098.5,1324,907,1102,937.5,1215,1120,0,0,0,1077.5,989,667.5,852.5,482.5,1049,0,0,0,0,1630,840,1883,1937.5,1962.5,0,1541.5
0,0,0,862.5,1805,1552.5,1550,0,1050,1959,921,962.5,0,900,0,2200,1500,1359,0,0,3459.5,1168.5,640.5,1866.5,1875,1287.5,1260,2550,1941.5,700,0,650,1587.5,0,850,1737.5,2121.5,885,2398,937.5,795,0,1700,0,0,1304,1164,1224,760,862.5,0,1704,580,1116.5,1569,1800,1171,0,1583.5,2319.5,0,1932,0,2065,984.5,1866.5,775,850,905,840,612,1298,1912.5,0,0,1099,2057.5,1709,1177.5,2171.5,0,0,1379,1300,1502.5,2212.5,595,617.5,945,0,895,1454,1334,0,0,832.5,485,500,1175,0,824,1192,1175,1047,2375,742,0,1310,915,0,0,1207.5,0,1450,0,1317.5,0,0,1324,550,0,1027.5,0,820,1170,0,1030.5,0,0,0,0,1051.5,1539.5,3387.5,1300,1967.5,1156,0,0,1582.5,650,1139,710,875,1689,0,796,0,1325,1950,799,1583,0,0,0,0,1315,1129.5,0,0,850,1750,0,625,0,910,2670.5,1425,1099,1562,0,750,1252,0,590,640,1425,2775,1432.5,4788,2882.5,2525,1592.5,0,1115,0,860,1129,1280,916.5,757,1320,820,1212.5,0,0,0,849,1000,0,1587,1462.5,1048,0,0,0,0,1578,999,1959.5,1650,849,0,1499
0,0,0,1225,2394.5,2230,0,0,1337.5,1635,757.5,965,0,0,0,862.5,1570,1400,0,0,2488.5,1098.5,637.5,2069.5,2315,1636,0,2297.5,1643,575,0,387.5,865,0,1537.5,1339,1591.5,715,1819,1092.5,1000,0,1310,0,0,1722,1402.5,825,1087,825,0,1450,0,1607.5,1450,2210,875,0,1441.5,1047,0,1602.5,0,2680,2205,1500,825,1204,2610,905,613,0,1582.5,0,0,975,2455,1941.5,1155,1727.5,0,0,1444,1725,3495,2876.5,0,1162.5,1047.5,0,720,1200,1319,0,0,1022.5,1135,798,2125,0,895,1575,735,1794,2010,0,0,1887.5,1497.5,0,0,1165,0,1495,0,1217.5,0,0,1377.5,550,0,2300,0,690,1200,0,0,0,0,0,0,0,1395,2546.5,1650.5,1535,1201,0,0,909,995,1519.5,717.5,925,1362.5,0,782.5,0,1337.5,1759.5,2495,1532.5,0,0,0,0,945,1248,0,0,777.5,1675,0,850,0,0,1821.5,1416,542.5,1500,0,900,950,0,750,0,1416,2950,1314,2560,3674,2290.5,930,0,790,0,1360.5,1350,1436.5,740,795,857.5,820,1100,0,0,0,937.5,1085,0,950,1174.5,1279,0,0,0,0,1375,1532.5,1530,1885,824,0,1022
0,0,0,790,2237.5,1303.5,0,0,1097.5,999,574.5,1527.5,0,0,0,1750,1380,1009,0,0,2294.5,900,1624,2270,2630.5,2155,0,1925,1385,687.5,0,700,1926,0,1456,1025,1903,383,1830.5,1020,1430,0,1137.5,0,0,1036.5,1205,940,950,860,0,1350,0,1200,1685,1835,1022.5,0,1737.5,1762.5,0,1650,0,2042.5,1550,0,1345,1189,1601,0,654,0,909,0,0,887.5,1595,1961,679,1810,0,0,1200,1429,899,2787.5,0,1165,999,0,800,1399.5,1306.5,0,0,565,895,792.5,1550,0,832.5,1310,874,1310,1530,0,0,1912.5,869,0,0,1050,0,1285,0,1212.5,0,0,1090,0,0,1567.5,0,982.5,1105.5,0,0,0,0,0,0,0,1297,1774,1237.5,1640,1303.5,0,0,995,0,1082.5,819,700,1409,0,654,0,1495,1650,859.5,1757.5,0,0,0,0,1061,1070,0,0,995,1237.5,0,950,0,0,1716,1400,875,1570,0,600,440,0,0,0,1400,2637,1289,3355.5,3065,1725,935,0,735,0,1624.5,1119.5,1755,785,747.5,596,875,1800,0,0,0,825,875,0,999,1010,875,0,0,0,0,1795,895,1760.5,2367.5,767.5,0,1060
0,0,0,1062.5,1562.5,1850,0,0,0,1449,620.5,1259,0,0,0,937.5,1300,1762,0,0,1422.5,1059,1275,1975,2312.5,1794.5,0,2150,1285,803,0,580,1075,0,1462.5,1245,1442.5,0,1900,975,1415,0,1522.5,0,0,1207,1797,1284,912.5,0,0,1410,0,595,1622.5,1622.5,615,0,1462.5,2687.5,0,0,0,1877.5,1690,0,1101,1277.5,1268.5,0,557.5,0,995,0,0,1052.5,1850,1525,1740.5,1959,0,0,2075.5,1237.5,1346.5,2235,0,1136.5,1025,0,600,1067.5,995,0,0,820,1098,0,1386.5,0,1050,2300,0,1280,3313.5,0,0,1895,899,0,0,1312.5,0,1365,0,1075,0,0,1262.5,0,0,1882.5,0,867.5,885,0,0,0,0,0,0,0,1287.5,1425,3337,1486,925,0,0,750,0,1099,920,1547.5,1275,0,714,0,1500,2256.5,1169,1638.5,0,0,0,0,0,914.5,0,0,0,2550,0,847.5,0,0,1599,1443.5,1679,1380,0,735,850,0,0,0,1443.5,1997.5,1025,4290.5,3745,1449,0,0,405.5,0,905,1250,1421.5,0,721.5,827.5,1004,2200,0,0,0,847,1357.5,0,800,762,875,0,0,0,0,1300,1350,1593.5,1845,1099.5,0,1059
0,0,0,967.5,1775,1712.5,0,0,0,975,444,1312.5,0,0,0,1050,1740,1680,0,0,2314.5,1612,1614.5,2250,2497.5,1755,0,1552.5,1382,775,0,1214,1025,0,1324.5,1350,1452.5,0,1755,925,1550,0,1677,0,0,1054,1197.5,1165,752.5,0,0,1427.5,0,0,1988,2500,684,0,1650,1550,0,0,0,1895,1299.5,0,1030,1257.5,1374.5,0,771,0,750,0,0,1090,2362.5,3148,1175,1735,0,0,1479,1457.5,3075,2495,0,635,1050,0,750,0,935,0,0,855,975,0,1050,0,0,1066.5,0,926.5,2350,0,0,1320,987.5,0,0,885,0,1105,0,1227.5,0,0,900,0,0,1800,0,725,1995,0,0,0,0,0,0,0,1474,1615,2499,1499,895.5,0,0,795,0,795,705,725,1377,0,675,0,1240,2362.5,1131.5,1499,0,0,0,0,0,1525,0,0,0,2297.5,0,757.5,0,0,2103.5,1399,0,1300,0,886.5,900,0,0,0,1399,2050,1429,3695,2995,1631.5,0,0,785,0,1025,790,975,0,860,601,850,1345,0,0,0,698.5,1222.5,0,999,1329,975,0,0,0,0,1825,915,1770,1822.5,612.5,0,1379
0,0,0,922.5,2192.5,1928,0,0,0,1137.5,965,1290,0,0,0,1625,1197.5,1267,0,0,3563,870,1171.5,2432.5,2620.5,950,0,1900,732.5,0,0,425,837.5,0,850,1894,1723,0,1739.5,775,1395,0,1570,0,0,1134,800,850,1050,0,0,1095,0,0,1436.5,2082,840,0,1713.5,1050,0,0,0,2385,945,0,1215,1175,2315,0,0,0,795,0,0,1267,1730,1485,1095.5,1729,0,0,1722.5,1762,1795,2250,0,1222,1410,0,0,0,1350,0,0,550,859,0,865,0,0,886.5,0,1287.5,2425,0,0,1675,899.5,0,0,837.5,0,912.5,0,1207,0,0,1228,0,0,2490,0,1087.5,1512.5,0,0,0,0,0,0,0,2343.5,2852.5,2346,1562,1161.5,0,0,947.5,0,1500,0,800,1531.5,0,676,0,2010,2150,914.5,1684.5,0,0,0,0,0,1375,0,0,0,1925,0,685,0,0,1967.5,1284,0,1250,0,0,1000,0,0,0,1284,1525,1207,3487.5,2595,1353,0,0,0,0,1333.5,665,1326.5,0,0,995,649,1400,0,0,0,1202.5,1268.5,0,2419,1983,1202.5,0,0,0,0,900,1450,2016,2220,0,0,1180
0,0,0,749,1640,2085,0,0,0,1297,0,1090,0,0,0,1380,1000,1715,0,0,1626,1035,744,2087.5,2951,1054,0,1379,1271.5,0,0,450,0,0,1500,1050,1485,0,1383.5,925,1650,0,950,0,0,1643,940,712.5,800,0,0,1640,0,0,1861.5,1970,875,0,1883.5,1439,0,0,0,2007.5,887.5,0,900,1129.5,1799.5,0,0,0,947.5,0,0,1025,1885,1600,980,3125.5,0,0,1829,4052.5,2920,2642.5,0,620,1322.5,0,0,0,1192.5,0,0,925,799,0,1010,0,0,1055,0,820,1642.5,0,0,1600,840,0,0,1367.5,0,520,0,1385,0,0,0,0,0,2207.5,0,715,1105.5,0,0,0,0,0,0,0,2228.5,1394,1200,1502.5,1358.5,0,0,950,0,688,0,1200,1567,0,729,0,1985,2000,974,2150,0,0,0,0,0,1220,0,0,0,2150,0,1370,0,0,1617.5,900,0,1740,0,0,1450,0,0,0,900,0,1492.5,4170,2545,1920,0,0,0,0,835,700,1385,0,0,1087.5,712.5,1305,0,0,0,840,925,0,1845,1442.5,850,0,0,0,0,1057,1399,2023,2437.5,0,0,1117.5
0,0,0,847.5,1645,2397,0,0,0,1536.5,0,1025,0,0,0,900,938,1441.5,0,0,1963.5,999,975,1995,4186.5,1075,0,1850,897.5,0,0,510,0,0,1275,800,1632.5,0,1749,912.5,1060,0,800,0,0,1210,1220,1636,747.5,0,0,675,0,0,2190,1965,775,0,1092.5,1447,0,0,0,1603.5,2896.5,0,807.5,810,1552,0,0,0,950,0,0,1506.5,1729,3292.5,1390,1506,0,0,1682.5,995,1367.5,2662.5,0,1180,775,0,0,0,1089,0,0,0,859,0,1075,0,0,1153.5,0,780,2894,0,0,1437.5,900,0,0,825,0,588,0,904,0,0,0,0,0,1560,0,842.5,805,0,0,0,0,0,0,0,1309,2473,1475,1450,1239.5,0,0,1170,0,542.5,0,866.5,1813.5,0,655,0,1837,1775,1225,1960,0,0,0,0,0,1591.5,0,0,0,0,0,0,0,0,2434,1495,0,1197.5,0,0,940,0,0,0,1495,0,1668.5,3343,1890,1945,0,0,0,0,1362.5,714.5,1374.5,0,0,1095,799,1500,0,0,0,752.5,825,0,1417.5,1455,1066,0,0,0,0,1052.5,880,2253.5,2150,0,0,1102.5
0,0,0,1125,1947.5,1436.5,0,0,0,1899.5,0,975,0,0,0,795,950,1199,0,0,2451.5,1014,1375,1907.5,2420,1719,0,0,1202.5,0,0,574,0,0,850,445,1886.5,0,1088.5,572,995,0,750,0,0,1555.5,1684,1975,830,0,0,0,0,0,1999,2390,785,0,1375,1834.5,0,0,0,1410,1524,0,900,775,2197.5,0,0,0,1170,0,0,1411.5,2072.5,1687.5,1135,1972,0,0,2024.5,799,2149.5,2595,0,835,1449,0,0,0,860,0,0,0,1025,0,825,0,0,1733.5,0,825,1712.5,0,0,1395,1270,0,0,1400,0,885,0,1250.5,0,0,0,0,0,1584,0,677.5,999,0,0,0,0,0,0,0,1380,1297.5,1295,1650,1514.5,0,0,785,0,875,0,992.5,1447,0,1075,0,2264.5,4329,917.5,1295,0,0,0,0,0,1455,0,0,0,0,0,0,0,0,2491,878,0,1000,0,0,0,0,0,0,878,0,1150,0,2450,3060,0,0,0,0,1535,725,1268.5,0,0,1225,584.5,1300,0,0,0,1010,800,0,895,1300,1052.5,0,0,0,0,847.5,862.5,1125.5,2634.5,0,0,975
0,0,0,812.5,1375,2390,0,0,0,987,0,1124,0,0,0,1295,1370,1405,0,0,2317,950,779,2125,2750,2625.5,0,0,820,0,0,575,0,0,750,1050,1507.5,0,1928.5,0,845,0,675,0,0,1009,1469,925,760,0,0,0,0,0,1442.5,1362.5,815,0,1149,1137.5,0,0,0,1162.5,1385,0,2093,955,1612.5,0,0,0,785,0,0,1157.5,2082.5,1845,1733,3255,0,0,1786,1087.5,1589,2300,0,795,1308.5,0,0,0,840,0,0,0,859,0,1087.5,0,0,1117.5,0,825,1850,0,0,1500,1207.5,0,0,1400,0,1022,0,1572.5,0,0,0,0,0,1425,0,667.5,0,0,0,0,0,0,0,0,2043,2271.5,0,1575,872.5,0,0,532,0,1679,0,774.5,1542.5,0,817.5,0,2426,3047.5,885,1445,0,0,0,0,0,2110.5,0,0,0,0,0,0,0,0,1405,0,0,938,0,0,0,0,0,0,0,0,1209,0,0,1885,0,0,0,0,860,612.5,1459,0,0,799,752,0,0,0,0,830,797.5,0,1197.5,1240,842.5,0,0,0,0,847.5,1155,1799,1895,0,0,1062.5
0,0,0,790,2260,2960,0,0,0,1129,0,850,0,0,0,0,1015.5,1362.5,0,0,2900,965,1260,1662.5,2970,1285,0,0,810,0,0,582.5,0,0,712.5,1347.5,2502,0,1707.5,0,1449,0,900,0,0,1219,900,889.5,605,0,0,0,0,0,2113,2240,725,0,1280,2140,0,0,0,1675,975,0,780,749.5,1747,0,0,0,532,0,0,1150,1817.5,1697.5,1280.5,2440.5,0,0,1837.5,2517.5,2225,2750,0,985,1195,0,0,0,942,0,0,0,749,0,737.5,0,0,780,0,832.5,2107.5,0,0,1928.5,1400,0,0,1140,0,799.5,0,1700.5,0,0,0,0,0,1827.5,0,650,0,0,0,0,0,0,0,0,1477.5,2222.5,0,1530,1815,0,0,789,0,0,0,799,1995.5,0,814,0,1647.5,1937.5,885,1245,0,0,0,0,0,1826,0,0,0,0,0,0,0,0,1730.5,0,0,950,0,0,0,0,0,0,0,0,1678.5,0,0,1735,0,0,0,0,775,0,1237.5,0,0,1250,637.5,0,0,0,0,685,0,0,907.5,1475,856,0,0,0,0,1524,1175,1845,2066.5,0,0,949
0,0,0,875,1825,2000,0,0,0,1319.5,0,1338.5,0,0,0,0,1335,1175,0,0,1762,962.5,1287,1630,2167.5,1025,0,0,861,0,0,725,0,0,1150,1395,1472.5,0,2002,0,1124.5,0,825,0,0,1964,1564,1068,605,0,0,0,0,0,1250,2125,850,0,1145,1095,0,0,0,1215,992.5,0,750,858,2060,0,0,0,789,0,0,820,2057.5,1672.5,975,1452.5,0,0,1082.5,0,1365,2145,0,1352.5,1012.5,0,0,0,780,0,0,0,854,0,900,0,0,1335,0,875,1742.5,0,0,2409,789,0,0,1267,0,857.5,0,1764,0,0,0,0,0,1500,0,690,0,0,0,0,0,0,0,0,1350,1922.5,0,1620,1331.5,0,0,725,0,0,0,637.5,1187.5,0,769.5,0,1470,1687.5,885,1860.5,0,0,0,0,0,1154,0,0,0,0,0,0,0,0,1120,0,0,1370,0,0,0,0,0,0,0,0,1399,0,0,1475,0,0,0,0,1020,0,1552.5,0,0,1157,630.5,0,0,0,0,685,0,0,1588.5,987.5,907.5,0,0,0,0,1595,765,2065,1885,0,0,850
0,0,0,765,0,2010,0,0,0,1773,0,925,0,0,0,0,1330,1068.5,0,0,2300,750,998,1902.5,3059,1317.5,0,0,780,0,0,762.5,0,0,870,512.5,2256.5,0,1930,0,1150,0,655,0,0,1127,850,800,605,0,0,0,0,0,1896.5,2058,820,0,1139,1592.5,0,0,0,1425,1207.5,0,802.5,852.5,1318,0,0,0,1562.5,0,0,1315,2579,1799.5,1115,2565.5,0,0,1087,0,1372.5,2095,0,1105,1035,0,0,0,1250,0,0,0,809,0,745,0,0,1405,0,687.5,2320,0,0,1590,925,0,0,1192.5,0,1579,0,1156.5,0,0,0,0,0,2097,0,707.5,0,0,0,0,0,0,0,0,1352.5,1697.5,0,1349,1786.5,0,0,762.5,0,0,0,612.5,1331.5,0,725,0,1665,2072.5,1245,1050,0,0,0,0,0,1312.5,0,0,0,0,0,0,0,0,999,0,0,830,0,0,0,0,0,0,0,0,1350,0,0,1300,0,0,0,0,997.5,0,1237.5,0,0,799,1095,0,0,0,0,632.5,0,0,730.5,975,750,0,0,0,0,2037,857.5,2101.5,1225,0,0,1063.5
0,0,0,1045,0,1490,0,0,0,1649,0,1665,0,0,0,0,900,1367.5,0,0,1577,990,1107,2197.5,2175,1135,0,0,750,0,0,690,0,0,947.5,1360,1631.5,0,2738,0,1195,0,0,0,0,1118,1433.5,1132.5,677.5,0,0,0,0,0,1410,2246.5,702.5,0,1417.5,947,0,0,0,1576,1311,0,1015,900,3125,0,0,0,725,0,0,1377.5,2567.5,1672.5,1387.5,2070,0,0,1076.5,0,1912.5,2175,0,562.5,849,0,0,0,910,0,0,0,864,0,800,0,0,1522.5,0,944,1685,0,0,2022.5,1174.5,0,0,1130,0,1035,0,1417.5,0,0,0,0,0,2300,0,644,0,0,0,0,0,0,0,0,1791,1527.5,0,1502.5,1537,0,0,750,0,0,0,0,1315,0,0,0,1275,1317.5,934,1262.5,0,0,0,0,0,810,0,0,0,0,0,0,0,0,900,0,0,942.5,0,0,0,0,0,0,0,0,1907.5,0,0,0,0,0,0,0,807.5,0,1082,0,0,750,750,0,0,0,0,587.5,0,0,693,1302.5,900,0,0,0,0,1440,937.5,1292.5,1520,0,0,1079
0,0,0,1030,0,1231.5,0,0,0,2367.5,0,1635,0,0,0,0,970,1125,0,0,1462.5,990,1120,0,2000,1795.5,0,0,899.5,0,0,920,0,0,830,775,2117.5,0,1800,0,1352,0,0,0,0,1412,1000,0,675,0,0,0,0,0,2974,2170,737.5,0,1391.5,1560,0,0,0,1090,1004,0,582.5,967,824,0,0,0,762.5,0,0,1093.5,1890,1686,825,1657.5,0,0,1300,0,2125,1782,0,1200,945,0,0,0,815,0,0,0,779,0,1400,0,0,940,0,920,2475,0,0,1382.5,0,0,0,975,0,940,0,952.5,0,0,0,0,0,1600,0,1099,0,0,0,0,0,0,0,0,1249,1842.5,0,1325,879.5,0,0,726,0,0,0,0,1717.5,0,0,0,1777.5,1805,1262.5,885,0,0,0,0,0,959,0,0,0,0,0,0,0,0,747.5,0,0,880,0,0,0,0,0,0,0,0,1449,0,0,0,0,0,0,0,825,0,1000,0,0,1095,700,0,0,0,0,0,0,0,700,1266.5,877,0,0,0,0,1237,750,1102.5,1618,0,0,929
0,0,0,932.5,0,1449,0,0,0,1832,0,1100,0,0,0,0,0,862.5,0,0,1334.5,815,862,0,2500,1971.5,0,0,875,0,0,550,0,0,0,807.5,1955.5,0,1751.5,0,1125,0,0,0,0,1684,980,0,900,0,0,0,0,0,2058.5,1995,590,0,1333,1982.5,0,0,0,1135,1480,0,680,739,820,0,0,0,750,0,0,1015,1450,1496,967.5,1414,0,0,1449,0,2930,2624,0,1102.5,775,0,0,0,815,0,0,0,852.5,0,1150,0,0,904.5,0,0,1900,0,0,3863,0,0,0,893,0,722.5,0,1649.5,0,0,0,0,0,1709,0,657.5,0,0,0,0,0,0,0,0,1387.5,1397.5,0,1594,1829.5,0,0,0,0,0,0,0,1319,0,0,0,1960,1533.5,1290,1827,0,0,0,0,0,1260,0,0,0,0,0,0,0,0,712.5,0,0,1015.5,0,0,0,0,0,0,0,0,1120,0,0,0,0,0,0,0,745,0,1297.5,0,0,895,0,0,0,0,0,0,0,0,1009,1267,1195,0,0,0,0,1999,725,1250,1160,0,0,1162.5
0,0,0,747.5,0,1745,0,0,0,1645.5,0,892.5,0,0,0,0,0,750,0,0,1917.5,825,694,0,2150,2240,0,0,825,0,0,0,0,0,0,700,1547,0,1422.5,0,1087.5,0,0,0,0,865,930,0,792.5,0,0,0,0,0,1783,2275.5,0,0,1705,2110,0,0,0,2450,1134,0,675,960,1189.5,0,0,0,726,0,0,1299.5,1575,1785.5,1005,1300,0,0,960,0,1972.5,2885,0,1125,900,0,0,0,872,0,0,0,902.5,0,900,0,0,1475,0,0,1387.5,0,0,1410,0,0,0,795,0,1207.5,0,1105,0,0,0,0,0,1370,0,0,0,0,0,0,0,0,0,0,1362.5,2946.5,0,1151,2143,0,0,0,0,0,0,0,1292.5,0,0,0,1809.5,1513,715,1137.5,0,0,0,0,0,1167.5,0,0,0,0,0,0,0,0,0,0,0,1335,0,0,0,0,0,0,0,0,1269,0,0,0,0,0,0,0,1085,0,1025,0,0,0,0,0,0,0,0,0,0,0,609.5,1825,885,0,0,0,0,1731.5,799,1050,1692.5,0,0,1254.5
0,0,0,1175,0,1337.5,0,0,0,1697.5,0,1834,0,0,0,0,0,800,0,0,2217,1035,827,0,2287.5,1512.5,0,0,1099,0,0,0,0,0,0,775,1195.5,0,1516,0,588,0,0,0,0,852,915,0,845,0,0,0,0,0,1170,2150,0,0,1510,1069,0,0,0,1895,990,0,725,722.5,1592.5,0,0,0,0,0,0,1150,1702.5,1165,1041.5,1741,0,0,967.5,0,1922.5,3210,0,947.5,1335,0,0,0,705,0,0,0,763,0,877.5,0,0,1142,0,0,1295,0,0,1172.5,0,0,0,750,0,1015,0,1222,0,0,0,0,0,2875,0,0,0,0,0,0,0,0,0,0,1740,2667.5,0,1345,1087.5,0,0,0,0,0,0,0,1456.5,0,0,0,1595,1685,825,1330,0,0,0,0,0,1010,0,0,0,0,0,0,0,0,0,0,0,1330,0,0,0,0,0,0,0,0,1275,0,0,0,0,0,0,0,910,0,1025,0,0,0,0,0,0,0,0,0,0,0,1650,840,694,0,0,0,0,1305,779,1270,1212.5,0,0,945
0,0,0,875,0,1320,0,0,0,2524,0,912,0,0,0,0,0,1275,0,0,2851,910,1034,0,2225,1687.5,0,0,800,0,0,0,0,0,0,23350,1557.5,0,1760,0,1300,0,0,0,0,1242.5,765,0,0,0,0,0,0,0,890,1985,0,0,1667.5,1697.5,0,0,0,1575,1745,0,600,0,675,0,0,0,0,0,0,1648.5,1630,1571.5,737.5,1611.5,0,0,1009,0,4078.5,3364.5,0,1150,1025,0,0,0,715,0,0,0,1052.5,0,1095,0,0,1117.5,0,0,1742.5,0,0,1250,0,0,0,737.5,0,1155,0,1100,0,0,0,0,0,1880,0,0,0,0,0,0,0,0,0,0,1344,1565,0,1249,924.5,0,0,0,0,0,0,0,1541.5,0,0,0,1347,1525,824,1834,0,0,0,0,0,985,0,0,0,0,0,0,0,0,0,0,0,900,0,0,0,0,0,0,0,0,945,0,0,0,0,0,0,0,1578,0,1115,0,0,0,0,0,0,0,0,0,0,0,1275,644.5,690,0,0,0,0,1512.5,1214,1000,1100,0,0,1200
0,0,0,850,0,1295,0,0,0,1147.5,0,3450,0,0,0,0,0,1255,0,0,2336.5,1025,1020,0,2860.5,1250,0,0,712.5,0,0,0,0,0,0,1775,1445,0,1830,0,1866,0,0,0,0,1354.5,2502.5,0,0,0,0,0,0,0,1177.5,2135,0,0,1587.5,1325,0,0,0,1400,1685,0,0,0,1164,0,0,0,0,0,0,915,2195,1870,800,1627.5,0,0,2058,0,2573.5,1691.5,0,992.5,1430,0,0,0,750,0,0,0,789,0,777.5,0,0,905,0,0,2955,0,0,1586.5,0,0,0,902.5,0,850,0,1174,0,0,0,0,0,1572,0,0,0,0,0,0,0,0,0,0,1622.5,1089,0,1295,970,0,0,0,0,0,0,0,1338,0,0,0,1495,1477.5,1000,1430,0,0,0,0,0,1064.5,0,0,0,0,0,0,0,0,0,0,0,970,0,0,0,0,0,0,0,0,1037.5,0,0,0,0,0,0,0,1022.5,0,0,0,0,0,0,0,0,0,0,0,0,0,1449,599,0,0,0,0,0,845,912.5,1620,1345,0,0,1349
0,0,0,825,0,1949,0,0,0,1279,0,1150,0,0,0,0,0,1385,0,0,2070,925,1343,0,4043,1025,0,0,826,0,0,0,0,0,0,1397.5,1234,0,1770.5,0,962.5,0,0,0,0,1312,727.5,0,0,0,0,0,0,0,883.5,1325,0,0,1392.5,1598.5,0,0,0,0,1407.5,0,0,0,1467,0,0,0,0,0,0,960,1667.5,2493,0,2560.5,0,0,1529,0,1875,2047.5,0,1212.5,1265,0,0,0,605,0,0,0,970,0,1322.5,0,0,1411,0,0,0,0,0,1125,0,0,0,0,0,1267.5,0,1044,0,0,0,0,0,1375,0,0,0,0,0,0,0,0,0,0,1100,1302.5,0,1095,700,0,0,0,0,0,0,0,1348.5,0,0,0,1795,1397.5,755,1315,0,0,0,0,0,0,0,0,0,0,0,0,0,0,0,0,0,0,0,0,0,0,0,0,0,0,1142.5,0,0,0,0,0,0,0,740,0,0,0,0,0,0,0,0,0,0,0,0,0,919,1515,0,0,0,0,0,975,850,1268.5,1277.5,0,0,1325
0,0,0,880,0,1537.5,0,0,0,1171,0,930,0,0,0,0,0,1595,0,0,1765,845,950,0,2662.5,2032,0,0,0,0,0,0,0,0,0,1260,1685,0,1921.5,0,0,0,0,0,0,1094,1339.5,0,0,0,0,0,0,0,0,1835,0,0,1410.5,1737,0,0,0,0,1372.5,0,0,0,1129.5,0,0,0,0,0,0,795,1650,1940,0,1475,0,0,1143.5,0,2087.5,1812,0,1232.5,1219,0,0,0,675,0,0,0,875,0,825,0,0,1313,0,0,0,0,0,2312.5,0,0,0,0,0,1095,0,1030,0,0,0,0,0,1439,0,0,0,0,0,0,0,0,0,0,1330,1872.5,0,900,712.5,0,0,0,0,0,0,0,2449.5,0,0,0,1570,0,822,1025,0,0,0,0,0,0,0,0,0,0,0,0,0,0,0,0,0,0,0,0,0,0,0,0,0,0,1505.5,0,0,0,0,0,0,0,1200,0,0,0,0,0,0,0,0,0,0,0,0,0,909,0,0,0,0,0,0,1249.5,1012.5,1024.5,0,0,0,872.5
0,0,0,950,0,2477.5,0,0,0,1460.5,0,760,0,0,0,0,0,885,0,0,1719.5,820,1233,0,3543,1122.5,0,0,0,0,0,0,0,0,0,1552.5,1239.5,0,2332.5,0,0,0,0,0,0,959,1000,0,0,0,0,0,0,0,0,2522.5,0,0,1476.5,1525,0,0,0,0,1149,0,0,0,1450,0,0,0,0,0,0,1257.5,1500,1720.5,0,1955,0,0,1390,0,2359,0,0,808,850,0,0,0,641,0,0,0,0,0,1212.5,0,0,1490.5,0,0,0,0,0,1275,0,0,0,0,0,937,0,1138,0,0,0,0,0,1749,0,0,0,0,0,0,0,0,0,0,1362.5,1824.5,0,0,587.5,0,0,0,0,0,0,0,2264.5,0,0,0,1295,0,750,2169,0,0,0,0,0,0,0,0,0,0,0,0,0,0,0,0,0,0,0,0,0,0,0,0,0,0,1224,0,0,0,0,0,0,0,1135,0,0,0,0,0,0,0,0,0,0,0,0,0,1450,0,0,0,0,0,0,1920,1212.5,676,0,0,0,955
0,0,0,725,0,2190,0,0,0,985,0,1747,0,0,0,0,0,1323,0,0,1600,770,959,0,2437.5,1035,0,0,0,0,0,0,0,0,0,1662,1879,0,1476.5,0,0,0,0,0,0,1799,1402,0,0,0,0,0,0,0,0,1951,0,0,1712,1215,0,0,0,0,1155,0,0,0,0,0,0,0,0,0,0,1442.5,0,1783.5,0,1404,0,0,1619,0,2845,0,0,1097.5,799,0,0,0,0,0,0,0,0,0,1200,0,0,825,0,0,0,0,0,0,0,0,0,0,0,914.5,0,1455,0,0,0,0,0,1540,0,0,0,0,0,0,0,0,0,0,0,1210,0,0,0,0,0,0,0,0,0,0,2246.5,0,0,0,1249,0,834,875,0,0,0,0,0,0,0,0,0,0,0,0,0,0,0,0,0,0,0,0,0,0,0,0,0,0,1039,0,0,0,0,0,0,0,972.5,0,0,0,0,0,0,0,0,0,0,0,0,0,1059,0,0,0,0,0,0,1225,0,0,0,0,0,862.5
0,0,0,625,0,1685,0,0,0,867,0,0,0,0,0,0,0,900,0,0,1650,825,799,0,2599,1000,0,0,0,0,0,0,0,0,0,1262.5,2019.5,0,1922,0,0,0,0,0,0,1620.5,550,0,0,0,0,0,0,0,0,1895,0,0,1328,2022.5,0,0,0,0,975,0,0,0,0,0,0,0,0,0,0,1125,0,1833,0,1525,0,0,1752.5,0,1337.5,0,0,925,885,0,0,0,0,0,0,0,0,0,1180,0,0,1010,0,0,0,0,0,0,0,0,0,0,0,825,0,975,0,0,0,0,0,2112.5,0,0,0,0,0,0,0,0,0,0,0,1300,0,0,0,0,0,0,0,0,0,0,1918,0,0,0,1470.5,0,810,1022.5,0,0,0,0,0,0,0,0,0,0,0,0,0,0,0,0,0,0,0,0,0,0,0,0,0,0,1454,0,0,0,0,0,0,0,740,0,0,0,0,0,0,0,0,0,0,0,0,0,1444,0,0,0,0,0,0,1000,0,0,0,0,0,995
0,0,0,905,0,1942,0,0,0,1119.5,0,0,0,0,0,0,0,775,0,0,2167.5,830,739,0,2247,937.5,0,0,0,0,0,0,0,0,0,925,1928.5,0,1715,0,0,0,0,0,0,1087.5,0,0,0,0,0,0,0,0,0,1995,0,0,1280,1182.5,0,0,0,0,1176.5,0,0,0,0,0,0,0,0,0,0,1275,0,1684.5,0,1414,0,0,1436.5,0,1162,0,0,1230,1075,0,0,0,0,0,0,0,0,0,0,0,0,1014.5,0,0,0,0,0,0,0,0,0,0,0,855,0,1195,0,0,0,0,0,2057.5,0,0,0,0,0,0,0,0,0,0,0,1207,0,0,0,0,0,0,0,0,0,0,1589,0,0,0,1800,0,934,710,0,0,0,0,0,0,0,0,0,0,0,0,0,0,0,0,0,0,0,0,0,0,0,0,0,0,1676.5,0,0,0,0,0,0,0,735,0,0,0,0,0,0,0,0,0,0,0,0,0,1500,0,0,0,0,0,0,999,0,0,0,0,0,1336
0,0,0,897.5,0,2749,0,0,0,802.5,0,0,0,0,0,0,0,925,0,0,2790,657.5,800,0,0,0,0,0,0,0,0,0,0,0,0,690,2028,0,1518.5,0,0,0,0,0,0,1132.5,0,0,0,0,0,0,0,0,0,1765,0,0,1851.5,940,0,0,0,0,1215,0,0,0,0,0,0,0,0,0,0,927.5,0,1920.5,0,2150,0,0,1350,0,1519,0,0,865,785,0,0,0,0,0,0,0,0,0,0,0,0,1068.5,0,0,0,0,0,0,0,0,0,0,0,880,0,1025,0,0,0,0,0,1717.5,0,0,0,0,0,0,0,0,0,0,0,3133,0,0,0,0,0,0,0,0,0,0,1374,0,0,0,2660,0,742.5,0,0,0,0,0,0,0,0,0,0,0,0,0,0,0,0,0,0,0,0,0,0,0,0,0,0,0,1196,0,0,0,0,0,0,0,902.5,0,0,0,0,0,0,0,0,0,0,0,0,0,1664.5,0,0,0,0,0,0,850,0,0,0,0,0,900
0,0,0,757.5,0,1499,0,0,0,775,0,0,0,0,0,0,0,819,0,0,1494,829,740,0,0,0,0,0,0,0,0,0,0,0,0,907.5,1250,0,1329,0,0,0,0,0,0,982,0,0,0,0,0,0,0,0,0,1795,0,0,1349,1160,0,0,0,0,1137,0,0,0,0,0,0,0,0,0,0,1225,0,1697,0,1275,0,0,1634,0,0,0,0,976,725,0,0,0,0,0,0,0,0,0,0,0,0,995,0,0,0,0,0,0,0,0,0,0,0,1125,0,950,0,0,0,0,0,1972.5,0,0,0,0,0,0,0,0,0,0,0,1024,0,0,0,0,0,0,0,0,0,0,1389,0,0,0,1492.5,0,600,0,0,0,0,0,0,0,0,0,0,0,0,0,0,0,0,0,0,0,0,0,0,0,0,0,0,0,1566,0,0,0,0,0,0,0,720,0,0,0,0,0,0,0,0,0,0,0,0,0,1350,0,0,0,0,0,0,0,0,0,0,0,0,975
0,0,0,860,0,1657.5,0,0,0,0,0,0,0,0,0,0,0,0,0,0,1494,740,679,0,0,0,0,0,0,0,0,0,0,0,0,835,2547,0,1402.5,0,0,0,0,0,0,989,0,0,0,0,0,0,0,0,0,2199,0,0,1272,2022.5,0,0,0,0,995,0,0,0,0,0,0,0,0,0,0,958,0,1447,0,1979.5,0,0,1034,0,0,0,0,537.5,1100,0,0,0,0,0,0,0,0,0,0,0,0,972.5,0,0,0,0,0,0,0,0,0,0,0,899,0,1000,0,0,0,0,0,1824,0,0,0,0,0,0,0,0,0,0,0,1637,0,0,0,0,0,0,0,0,0,0,1491.5,0,0,0,1495,0,724,0,0,0,0,0,0,0,0,0,0,0,0,0,0,0,0,0,0,0,0,0,0,0,0,0,0,0,1203,0,0,0,0,0,0,0,845,0,0,0,0,0,0,0,0,0,0,0,0,0,1329,0,0,0,0,0,0,0,0,0,0,0,0,715
0,0,0,687.5,0,3567.5,0,0,0,0,0,0,0,0,0,0,0,0,0,0,1494,825,675,0,0,0,0,0,0,0,0,0,0,0,0,840,1733,0,1192,0,0,0,0,0,0,1110,0,0,0,0,0,0,0,0,0,1725,0,0,1600,1587.5,0,0,0,0,1454,0,0,0,0,0,0,0,0,0,0,990.5,0,1575,0,1400,0,0,1224,0,0,0,0,780,800,0,0,0,0,0,0,0,0,0,0,0,0,970,0,0,0,0,0,0,0,0,0,0,0,805,0,1065,0,0,0,0,0,2000,0,0,0,0,0,0,0,0,0,0,0,1747.5,0,0,0,0,0,0,0,0,0,0,1574,0,0,0,1337,0,875,0,0,0,0,0,0,0,0,0,0,0,0,0,0,0,0,0,0,0,0,0,0,0,0,0,0,0,1137.5,0,0,0,0,0,0,0,730,0,0,0,0,0,0,0,0,0,0,0,0,0,725,0,0,0,0,0,0,0,0,0,0,0,0,0
0,0,0,737.5,0,2125,0,0,0,0,0,0,0,0,0,0,0,0,0,0,2335,986.5,0,0,0,0,0,0,0,0,0,0,0,0,0,672.5,1243.5,0,1036,0,0,0,0,0,0,1110,0,0,0,0,0,0,0,0,0,1830,0,0,1347.5,2405,0,0,0,0,1465.5,0,0,0,0,0,0,0,0,0,0,837,0,1525,0,1050,0,0,1607,0,0,0,0,0,670,0,0,0,0,0,0,0,0,0,0,0,0,1438.5,0,0,0,0,0,0,0,0,0,0,0,751.5,0,1232.5,0,0,0,0,0,2012.5,0,0,0,0,0,0,0,0,0,0,0,1250,0,0,0,0,0,0,0,0,0,0,1430,0,0,0,1342,0,817.5,0,0,0,0,0,0,0,0,0,0,0,0,0,0,0,0,0,0,0,0,0,0,0,0,0,0,0,1886,0,0,0,0,0,0,0,830,0,0,0,0,0,0,0,0,0,0,0,0,0,684,0,0,0,0,0,0,0,0,0,0,0,0,0
0,0,0,620,0,2186,0,0,0,0,0,0,0,0,0,0,0,0,0,0,2007.5,720,0,0,0,0,0,0,0,0,0,0,0,0,0,1050,1241.5,0,1620,0,0,0,0,0,0,1032.5,0,0,0,0,0,0,0,0,0,0,0,0,1607.5,1792.5,0,0,0,0,1200,0,0,0,0,0,0,0,0,0,0,1087.5,0,1390,0,1434,0,0,1429,0,0,0,0,0,900,0,0,0,0,0,0,0,0,0,0,0,0,1053,0,0,0,0,0,0,0,0,0,0,0,865,0,1460,0,0,0,0,0,1540,0,0,0,0,0,0,0,0,0,0,0,1713.5,0,0,0,0,0,0,0,0,0,0,1329,0,0,0,1404,0,750,0,0,0,0,0,0,0,0,0,0,0,0,0,0,0,0,0,0,0,0,0,0,0,0,0,0,0,1910.5,0,0,0,0,0,0,0,967.5,0,0,0,0,0,0,0,0,0,0,0,0,0,857.5,0,0,0,0,0,0,0,0,0,0,0,0,0
0,0,0,677.5,0,1825,0,0,0,0,0,0,0,0,0,0,0,0,0,0,1895,692.5,0,0,0,0,0,0,0,0,0,0,0,0,0,685,1870,0,1624,0,0,0,0,0,0,1025,0,0,0,0,0,0,0,0,0,0,0,0,1563,1250,0,0,0,0,1275,0,0,0,0,0,0,0,0,0,0,922.5,0,1093.5,0,0,0,0,1256.5,0,0,0,0,0,989,0,0,0,0,0,0,0,0,0,0,0,0,865,0,0,0,0,0,0,0,0,0,0,0,1147.5,0,1218,0,0,0,0,0,2730,0,0,0,0,0,0,0,0,0,0,0,1262,0,0,0,0,0,0,0,0,0,0,1235,0,0,0,1152.5,0,770,0,0,0,0,0,0,0,0,0,0,0,0,0,0,0,0,0,0,0,0,0,0,0,0,0,0,0,1324,0,0,0,0,0,0,0,690,0,0,0,0,0,0,0,0,0,0,0,0,0,465,0,0,0,0,0,0,0,0,0,0,0,0,0
0,0,0,0,0,1374,0,0,0,0,0,0,0,0,0,0,0,0,0,0,1445,0,0,0,0,0,0,0,0,0,0,0,0,0,0,1024,1598,0,1515,0,0,0,0,0,0,699,0,0,0,0,0,0,0,0,0,0,0,0,0,1942.5,0,0,0,0,1468.5,0,0,0,0,0,0,0,0,0,0,962.5,0,2555.5,0,0,0,0,1642.5,0,0,0,0,0,750,0,0,0,0,0,0,0,0,0,0,0,0,850,0,0,0,0,0,0,0,0,0,0,0,690,0,1390,0,0,0,0,0,1515,0,0,0,0,0,0,0,0,0,0,0,1605.5,0,0,0,0,0,0,0,0,0,0,1185,0,0,0,1225,0,812,0,0,0,0,0,0,0,0,0,0,0,0,0,0,0,0,0,0,0,0,0,0,0,0,0,0,0,1178,0,0,0,0,0,0,0,0,0,0,0,0,0,0,0,0,0,0,0,0,0,930,0,0,0,0,0,0,0,0,0,0,0,0,0
0,0,0,0,0,1599,0,0,0,0,0,0,0,0,0,0,0,0,0,0,1372.5,0,0,0,0,0,0,0,0,0,0,0,0,0,0,2000,2105,0,0,0,0,0,0,0,0,1271.5,0,0,0,0,0,0,0,0,0,0,0,0,0,3387.5,0,0,0,0,1167.5,0,0,0,0,0,0,0,0,0,0,710,0,876.5,0,0,0,0,1137,0,0,0,0,0,742.5,0,0,0,0,0,0,0,0,0,0,0,0,895,0,0,0,0,0,0,0,0,0,0,0,800,0,992,0,0,0,0,0,2035,0,0,0,0,0,0,0,0,0,0,0,1128,0,0,0,0,0,0,0,0,0,0,1239,0,0,0,1904,0,935,0,0,0,0,0,0,0,0,0,0,0,0,0,0,0,0,0,0,0,0,0,0,0,0,0,0,0,1049,0,0,0,0,0,0,0,0,0,0,0,0,0,0,0,0,0,0,0,0,0,530,0,0,0,0,0,0,0,0,0,0,0,0,0
0,0,0,0,0,0,0,0,0,0,0,0,0,0,0,0,0,0,0,0,0,0,0,0,0,0,0,0,0,0,0,0,0,0,0,1100,1811.5,0,0,0,0,0,0,0,0,1188.5,0,0,0,0,0,0,0,0,0,0,0,0,0,1885,0,0,0,0,1000,0,0,0,0,0,0,0,0,0,0,925,0,1805,0,0,0,0,1472.5,0,0,0,0,0,895,0,0,0,0,0,0,0,0,0,0,0,0,845,0,0,0,0,0,0,0,0,0,0,0,740,0,1112.5,0,0,0,0,0,1532,0,0,0,0,0,0,0,0,0,0,0,937.5,0,0,0,0,0,0,0,0,0,0,1174,0,0,0,1581.5,0,910,0,0,0,0,0,0,0,0,0,0,0,0,0,0,0,0,0,0,0,0,0,0,0,0,0,0,0,0,0,0,0,0,0,0,0,0,0,0,0,0,0,0,0,0,0,0,0,0,0,0,0,0,0,0,0,0,0,0,0,0,0,0,0
0,0,0,0,0,0,0,0,0,0,0,0,0,0,0,0,0,0,0,0,0,0,0,0,0,0,0,0,0,0,0,0,0,0,0,1412.5,1267,0,0,0,0,0,0,0,0,910,0,0,0,0,0,0,0,0,0,0,0,0,0,1062.5,0,0,0,0,0,0,0,0,0,0,0,0,0,0,0,0,0,0,0,0,0,0,0,0,0,0,0,0,0,0,0,0,0,0,0,0,0,0,0,0,0,0,0,0,0,0,0,0,0,0,0,0,0,0,0,0,0,0,0,0,0,1395,0,0,0,0,0,0,0,0,0,0,0,0,0,0,0,0,0,0,0,0,0,0,1027.5,0,0,0,1127.5,0,662.5,0,0,0,0,0,0,0,0,0,0,0,0,0,0,0,0,0,0,0,0,0,0,0,0,0,0,0,0,0,0,0,0,0,0,0,0,0,0,0,0,0,0,0,0,0,0,0,0,0,0,0,0,0,0,0,0,0,0,0,0,0,0,0
0,0,0,0,0,0,0,0,0,0,0,0,0,0,0,0,0,0,0,0,0,0,0,0,0,0,0,0,0,0,0,0,0,0,0,0,0,0,0,0,0,0,0,0,0,0,0,0,0,0,0,0,0,0,0,0,0,0,0,0,0,0,0,0,0,0,0,0,0,0,0,0,0,0,0,0,0,0,0,0,0,0,0,0,0,0,0,0,0,0,0,0,0,0,0,0,0,0,0,0,0,0,0,0,0,0,0,0,0,0,0,0,0,0,0,0,0,0,0,0,0,0,0,0,0,0,0,0,0,0,0,0,0,0,0,0,0,0,0,0,0,0,0,0,0,0,0,0,0,0,0,0,0,0,0,0,0,0,0,0,0,0,0,0,0,0,0,0,0,0,0,0,0,0,0,0,0,0,0,0,0,0,0,0,0,0,0,0,0,0,0,0,0,0,0,0,0,0,0,0,0,0,0,0,0,0,0,0,0,0,0,0,0,0
0,0,0,0,0,0,0,0,0,0,0,0,0,0,0,0,0,0,0,0,0,0,0,0,0,0,0,0,0,0,0,0,0,0,0,0,0,0,0,0,0,0,0,0,0,0,0,0,0,0,0,0,0,0,0,0,0,0,0,0,0,0,0,0,0,0,0,0,0,0,0,0,0,0,0,0,0,0,0,0,0,0,0,0,0,0,0,0,0,0,0,0,0,0,0,0,0,0,0,0,0,0,0,0,0,0,0,0,0,0,0,0,0,0,0,0,0,0,0,0,0,0,0,0,0,0,0,0,0,0,0,0,0,0,0,0,0,0,0,0,0,0,0,0,0,0,0,0,0,0,0,0,0,0,0,0,0,0,0,0,0,0,0,0,0,0,0,0,0,0,0,0,0,0,0,0,0,0,0,0,0,0,0,0,0,0,0,0,0,0,0,0,0,0,0,0,0,0,0,0,0,0,0,0,0,0,0,0,0,0,0,0,0,0
